<?xml version="1.0" encoding="UTF-8"?>
<!DOCTYPE mapper 
PUBLIC "-//mybatis.org//DTD Mapper 3.0//EN" 
"http://mybatis.org/dtd/mybatis-3-mapper.dtd" >
<mapper namespace="memberMapper">

<resultMap type="member" id="memberResultSet">
	<result column="USER_NO" property="userNo"></result>
	<result column="USER_ID" property="userId"></result>
	<result column="USER_PWD" property="userPwd"></result>
	<result column="USER_NAME" property="userName"></result>
	<result column="EMAIL" property="email"></result>
	<result column="GENDER" property="gender"></result>
	<result column="BIRTHDAY" property="age"></result>
	<result column="PHONE" property="phone"></result>
	<result column="ADDRESS" property="address"></result>
	<result column="ENROLL_DATE" property="enrollDate"></result>
	<result column="MODIFY_DATE" property="modifyDate"></result>
	<result column="STATUS" property="status"></result>
	<result column="ROLE" property="role"></result>
</resultMap>


<!-- 로그인 -->
<select id="loginMember" resultMap="memberResultSet">
	SELECT *
	FROM MEMBER
	WHERE USER_ID = #{userId} AND STATUS='Y' 
</select>

<!-- 회원가입 -->
<select id="insertMember" parameterType="member">
	INSERT INTO MEMBER(
		USER_NO,
		USER_ID,
		USER_PWD,
		USER_NAME,
		EMAIL,
		GENDER,
		BIRTHDAY,
		PHONE,
		ADDRESS
	) VALUES(
		SEQ_UNO.NEXTVAL,
		#{userId},
		#{userPwd},
		#{userName},
		#{email},
		#{gender},
		#{age},
		#{phone},
		#{address}
	)
</select>

<update id="updateMember" parameterType="member">
	UPDATE MEMBER
	SET USER_NAME = #{userName},
	    EMAIL = #{email},
	    BIRTHDAY = #{age},
	    PHONE = #{phone},
	    ADDRESS = #{address},
	    GENDER = #{gender},
	    MODIFY_DATE = SYSDATE
	WHERE USER_ID= #{userId}
</update>

<update id="deleteMember" parameterType="string">
	UPDATE MEMBER 
	SET STATUS = 'N'
	WHERE USER_ID = #{userId}
</update>

<update id="updateMemberChangePwd">
	UPDATE MEMBER
	SET CHANGE_PWD = 'Y'
	<![CDATA[WHERE ADD_MONTHS(LAST_CHANGE_DATE, 3) < SYSDATE]]>
</update>

</mapper>